1,USN1,Name1
2,USN2,Name2
3,USN3,Name3
4,USN4,Name4
5,USN5,Name5
6,USN6,Name6
7,USN7,Name7
8,USN8,Name8
9,USN9,Name9
10,USN10,Name10
11,USN11,Name11
12,USN12,Name12
13,USN13,Name13
14,USN14,Name14
15,USN15,Name15
16,USN16,Name16
17,USN17,Name17
18,USN18,Name18
19,USN19,Name19
20,USN20,Name20
21,USN21,Name21
22,USN22,Name22
23,USN23,Name23
24,USN24,Name24
25,USN25,Name25
26,USN26,Name26
27,USN27,Name27
28,USN28,Name28
29,USN29,Name29
30,USN30,Name30
31,USN31,Name31
32,USN32,Name32
33,USN33,Name33
34,USN34,Name34
35,USN35,Name35
36,USN36,Name36
37,USN37,Name37
38,USN38,Name38
39,USN39,Name39
40,USN40,Name40
41,USN41,Name41
42,USN42,Name42
43,USN43,Name43
44,USN44,Name44
45,USN45,Name45
46,USN46,Name46
47,USN47,Name47
48,USN48,Name48
49,USN49,Name49
50,USN50,Name50
51,USN51,Name51
52,USN52,Name52
53,USN53,Name53
54,USN54,Name54
55,USN55,Name55
56,USN56,Name56
57,USN57,Name57
58,USN58,Name58
59,USN59,Name59
60,USN60,Name60
61,USN61,Name61
62,USN62,Name62
63,USN63,Name63
64,USN64,Name64
65,USN65,Name65
66,USN66,Name66
67,USN67,Name67
68,USN68,Name68
69,USN69,Name69
70,USN70,Name70
71,USN71,Name71
72,USN72,Name72
73,USN73,Name73
74,USN74,Name74
75,USN75,Name75
76,USN76,Name76
77,USN77,Name77
78,USN78,Name78
79,USN79,Name79
80,USN80,Name80
81,USN81,Name81
82,USN82,Name82
83,USN83,Name83
84,USN84,Name84
85,USN85,Name85
86,USN86,Name86
87,USN87,Name87
88,USN88,Name88
89,USN89,Name89
90,USN90,Name90
91,USN91,Name91
92,USN92,Name92
93,USN93,Name93
94,USN94,Name94
95,USN95,Name95
96,USN96,Name96
97,USN97,Name97
98,USN98,Name98
99,USN99,Name99
100,USN100,Name100
101,USN101,Name101
102,USN102,Name102
103,USN103,Name103
104,USN104,Name104
105,USN105,Name105
106,USN106,Name106
107,USN107,Name107
108,USN108,Name108
109,USN109,Name109
110,USN110,Name110
111,USN111,Name111
112,USN112,Name112
113,USN113,Name113
114,USN114,Name114
115,USN115,Name115
116,USN116,Name116
117,USN117,Name117
118,USN118,Name118
119,USN119,Name119
120,USN120,Name120
121,USN121,Name121
122,USN122,Name122
123,USN123,Name123
124,USN124,Name124
125,USN125,Name125
126,USN126,Name126
127,USN127,Name127
128,USN128,Name128
129,USN129,Name129
130,USN130,Name130
131,USN131,Name131
132,USN132,Name132
133,USN133,Name133
134,USN134,Name134
135,USN135,Name135
136,USN136,Name136
137,USN137,Name137
138,USN138,Name138
139,USN139,Name139
140,USN140,Name140
141,USN141,Name141
142,USN142,Name142
143,USN143,Name143
144,USN144,Name144
145,USN145,Name145
146,USN146,Name146
147,USN147,Name147
148,USN148,Name148
149,USN149,Name149
150,USN150,Name150
151,USN151,Name151
152,USN152,Name152
153,USN153,Name153
154,USN154,Name154
155,USN155,Name155
156,USN156,Name156
157,USN157,Name157
158,USN158,Name158
159,USN159,Name159
160,USN160,Name160
161,USN161,Name161
162,USN162,Name162
163,USN163,Name163
164,USN164,Name164
165,USN165,Name165
166,USN166,Name166
167,USN167,Name167
168,USN168,Name168
169,USN169,Name169
170,USN170,Name170
171,USN171,Name171
172,USN172,Name172
173,USN173,Name173
174,USN174,Name174
175,USN175,Name175
176,USN176,Name176
177,USN177,Name177
178,USN178,Name178
179,USN179,Name179
180,USN180,Name180
181,USN181,Name181
182,USN182,Name182
183,USN183,Name183
184,USN184,Name184
185,USN185,Name185
186,USN186,Name186
187,USN187,Name187
188,USN188,Name188
189,USN189,Name189
190,USN190,Name190
191,USN191,Name191
192,USN192,Name192
193,USN193,Name193
194,USN194,Name194
195,USN195,Name195
196,USN196,Name196
197,USN197,Name197
198,USN198,Name198
199,USN199,Name199
200,USN200,Name200
201,USN201,Name201
202,USN202,Name202
203,USN203,Name203
204,USN204,Name204
205,USN205,Name205
206,USN206,Name206
207,USN207,Name207
208,USN208,Name208
209,USN209,Name209
210,USN210,Name210
211,USN211,Name211
212,USN212,Name212
213,USN213,Name213
214,USN214,Name214
215,USN215,Name215
216,USN216,Name216
217,USN217,Name217
218,USN218,Name218
219,USN219,Name219
220,USN220,Name220
221,USN221,Name221
222,USN222,Name222
223,USN223,Name223
224,USN224,Name224
225,USN225,Name225
226,USN226,Name226
227,USN227,Name227
228,USN228,Name228
229,USN229,Name229
230,USN230,Name230
231,USN231,Name231
232,USN232,Name232
233,USN233,Name233
234,USN234,Name234
235,USN235,Name235
236,USN236,Name236
237,USN237,Name237
238,USN238,Name238
239,USN239,Name239
240,USN240,Name240
241,USN241,Name241
242,USN242,Name242
243,USN243,Name243
244,USN244,Name244
245,USN245,Name245
246,USN246,Name246
247,USN247,Name247
248,USN248,Name248
249,USN249,Name249
250,USN250,Name250
251,USN251,Name251
252,USN252,Name252
253,USN253,Name253
254,USN254,Name254
255,USN255,Name255
256,USN256,Name256
257,USN257,Name257
258,USN258,Name258
259,USN259,Name259
260,USN260,Name260
261,USN261,Name261
262,USN262,Name262
263,USN263,Name263
264,USN264,Name264
265,USN265,Name265
266,USN266,Name266
267,USN267,Name267
268,USN268,Name268
269,USN269,Name269
270,USN270,Name270
